antecedents,consequents,antecedent support,consequent support,support,confidence,lift,representativity,leverage,conviction,zhangs_metric,jaccard,certainty,kulczynski
"frozenset({'diapers', 'milk'})",frozenset({'bread'}),0.33,0.59,0.27,0.8181818181818182,1.3867488443759632,1.0,0.0753,2.255000000000001,0.41625207296849087,0.41538461538461546,0.5565410199556543,0.637904468412943
frozenset({'bread'}),"frozenset({'diapers', 'milk'})",0.59,0.33,0.27,0.45762711864406785,1.386748844375963,1.0,0.0753,1.2353125,0.6802168021680216,0.41538461538461546,0.19048823678219082,0.637904468412943
"frozenset({'milk', 'beer'})",frozenset({'bread'}),0.33,0.59,0.25,0.7575757575757576,1.2840267077555214,1.0,0.05529999999999999,1.6912500000000001,0.33014925373134324,0.373134328358209,0.40872135994087216,0.5906522855675398
frozenset({'bread'}),"frozenset({'milk', 'beer'})",0.59,0.33,0.25,0.42372881355932207,1.2840267077555214,1.0,0.05529999999999999,1.1626470588235291,0.539512195121951,0.373134328358209,0.1398937515810777,0.5906522855675398
"frozenset({'eggs', 'bread'})",frozenset({'milk'}),0.24,0.65,0.2,0.8333333333333334,1.2820512820512822,1.0,0.04400000000000001,2.1000000000000005,0.2894736842105263,0.2898550724637682,0.5238095238095238,0.5705128205128205
